PLAYER_NAME,TEAM_ABBREVIATION,MIN,FGM,FGA,FG3M,FG3A,FTM,FTA,OREB,DREB,AST,TOV,STL,BLK,BLKA,PF,PFD,PTS,PLUS_MINUS
Steven Adams,OKC,2669.2583329999998,481,809,0,2,146,292,391,369,124,135,117,76,50,204,278,1108,389
Bam Adebayo,MIA,1912.6,280,486,3,15,166,226,165,432,184,121,71,65,31,203,227,729,21
LaMarcus Aldridge,SAS,2686.65,684,1319,10,42,349,412,251,493,194,144,43,107,45,179,381,1727,90
Jarrett Allen,BKN,2095.97,335,568,6,45,197,278,191,481,110,103,43,120,48,184,268,873,-119
Al-Farouq Aminu,POR,2291.698333,257,593,96,280,150,173,112,498,104,72,68,33,29,143,148,760,384
Justin Anderson,ATL,463.505,64,157,24,77,26,35,24,60,23,23,22,13,9,48,28,178,-79
Kyle Anderson,MEM,1281.526667,150,276,9,34,37,64,48,203,128,58,54,37,14,112,60,346,-59
Giannis Antetokounmpo,MIL,2358.2216670000003,721,1247,52,203,500,686,159,739,424,268,92,110,100,232,554,1994,652
OG Anunoby,TOR,1352.266667,183,404,67,202,36,62,58,139,47,55,46,22,32,140,59,469,-49
Ryan Arcidiacono,CHI,1961.3,187,418,81,217,89,102,27,192,269,63,65,4,17,171,119,544,-250
Trevor Ariza,WAS,1465.036667,208,509,95,295,94,121,34,192,165,67,53,13,20,86,105,605,-54
D.J. Augustin,ORL,2268.961667,318,677,131,311,181,209,41,162,426,128,52,4,42,115,203,948,169
Deandre Ayton,PHX,2182.6883329999996,509,870,0,4,141,189,223,506,125,126,61,67,43,209,198,1159,-383
Dwayne Bacon,CHA,758.6683333,122,257,38,87,34,46,8,81,47,18,12,5,14,72,42,316,-22
Marvin Bagley III,SAC,1567.495,356,706,30,96,181,262,162,309,62,98,33,59,46,120,224,923,-103
Lonzo Ball,LAL,1422.538333,185,456,75,228,20,48,54,197,255,103,69,19,25,114,62,465,-16
Mo Bamba,ORL,766.1933333,117,243,21,70,37,63,64,169,39,43,13,64,15,102,63,292,-240
Harrison Barnes,DAL,1583.74,290,717,121,311,165,198,36,171,62,68,33,11,36,79,142,866,-79
Will Barton,DEN,1188.978333,185,460,67,196,57,74,32,167,124,65,18,22,20,82,60,494,7
Nicolas Batum,CHA,2354.018333,253,562,116,298,77,89,71,319,247,117,71,43,19,140,92,699,-21
Aron Baynes,BOS,820.795,105,223,21,61,53,62,88,152,57,40,12,34,12,125,96,284,130
Kent Bazemore,ATL,1643.413333,278,691,96,300,127,175,37,224,152,121,89,42,34,170,149,779,-297
Bradley Beal,WAS,3027.651667,764,1609,209,596,362,448,89,322,448,224,121,58,64,226,361,2099,-112
Malik Beasley,DEN,1878.723333,349,737,163,405,56,66,35,165,97,55,55,10,34,116,68,917,135
Marco Belinelli,SAS,1815.3566670000002,285,690,147,395,112,124,16,182,132,72,35,8,18,121,109,829,33
Jordan Bell,GSW,788.29,99,192,0,2,25,41,55,129,76,42,20,51,11,80,54,223,-100
DeAndre' Bembry,ATL,1931.28,275,616,50,173,87,136,54,304,202,142,105,41,45,190,133,687,-229
Dragan Bender,PHX,826.2083332999999,88,197,22,101,32,54,34,149,56,37,18,22,4,90,53,230,-159
Davis Bertans,SAS,1631.708333,204,453,145,338,53,60,23,241,100,43,35,33,8,133,68,606,257
Patrick Beverley,LAC,2137.2216670000003,194,477,112,282,96,123,76,312,300,85,67,43,25,265,157,596,149
Khem Birch,ORL,642.8616667,91,151,0,1,58,83,79,111,38,20,18,29,12,72,67,240,44
Bismack Biyombo,CHA,782.4416667,89,156,0,0,58,91,81,166,33,34,11,41,23,103,82,236,-133
Nemanja Bjelica,SAC,1787.91,284,593,103,257,70,92,125,319,147,82,54,56,36,197,105,741,82
Antonio Blakeney,CHI,829.0366667000001,166,396,36,91,50,76,7,99,42,35,12,9,31,41,51,418,-148
Eric Bledsoe,MIL,2271.705,470,971,124,377,177,236,82,280,430,165,116,29,50,156,223,1241,561
Bogdan Bogdanovic,SAC,1947.17,361,863,134,372,134,162,40,203,267,117,72,15,39,142,185,990,-39
Bojan Bogdanovic,IND,2573.058333,522,1051,164,386,246,305,33,300,161,134,69,1,88,138,234,1454,177
Jonah Bolden,PHI,638.6716667000001,80,162,34,96,13,27,47,118,40,36,17,39,6,99,21,207,-29
Devin Booker,PHX,2242.118333,586,1255,135,414,393,454,39,226,433,264,56,13,76,200,391,1700,-331
Avery Bradley,LAC,1463.2,161,420,58,172,20,25,35,96,96,61,27,16,32,133,38,400,-65
Mikal Bridges,PHX,2417.115,242,563,105,313,95,118,56,208,173,70,129,38,32,201,105,684,-388
Miles Bridges,CHA,1696.3333329999998,237,511,65,200,58,77,67,256,95,50,55,49,33,111,62,597,-127
Ryan Broekhoff,DAL,453.58666669999997,57,126,38,93,15,19,8,55,22,16,6,4,5,35,18,167,70
Malcolm Brogdon,MIL,1831.5916670000001,378,748,104,244,141,152,65,223,205,91,46,13,60,102,113,1001,425
Bruce Brown,DET,1449.316667,125,314,24,93,45,60,48,137,91,46,40,36,39,178,55,319,-4
Jaylen Brown,BOS,1913.3516670000001,368,792,95,276,133,202,65,248,100,99,69,32,43,186,171,964,66
Sterling Brown,MIL,1034.363333,145,312,53,147,29,42,29,155,84,46,25,8,20,88,30,372,-1
Troy Brown Jr.,WAS,729.7366667,97,234,22,69,32,47,35,110,80,30,21,5,26,56,41,248,-1
Jalen Brunson,DAL,1591.258333,264,565,63,181,87,120,25,144,230,88,37,4,43,127,158,678,-83
Thomas Bryant,WAS,1496.343333,309,502,33,99,107,137,113,341,92,60,25,67,31,126,130,758,-107
Reggie Bullock,DET,1354.758333,182,441,114,294,56,64,20,103,109,54,24,5,21,79,56,534,11
Jimmy Butler,PHI,1823.743333,344,747,50,148,264,304,105,185,220,81,99,29,36,93,220,1002,221
Jose Calderon,DET,631.9633332999999,45,120,14,57,9,11,11,49,115,35,16,3,8,64,19,113,-172
Kentavious Caldwell-Pope,LAL,2035.135,325,756,151,435,137,158,48,190,110,65,73,13,18,137,147,938,-156
Clint Capela,HOU,2248.728333,474,732,0,0,166,261,298,550,96,94,44,102,62,168,224,1114,232
DeMarre Carroll,BKN,1703.4583329999998,227,575,106,310,184,242,68,281,85,73,31,10,33,114,162,744,49
Vince Carter,ATL,1330.356667,196,468,123,316,47,66,31,163,87,48,44,27,9,141,83,562,-179
Wendell Carter Jr.,CHI,1109.8,180,371,6,32,89,112,87,220,78,65,26,58,28,152,107,455,-292
Willie Cauley-Stein,SAC,2212.546667,412,741,1,2,140,254,181,497,194,84,96,51,74,227,216,965,54
Tyson Chandler,LAL,785.7366667,53,87,0,1,41,69,85,183,31,35,19,22,6,89,55,147,31
Gary Clark,HOU,640.6066667,50,151,41,138,7,7,24,92,18,7,20,26,3,47,18,148,26
Ian Clark,NOP,972.5783332999998,151,383,66,202,33,37,13,76,94,58,22,8,21,95,39,401,-55
Jordan Clarkson,CLE,2214.48,529,1180,144,445,162,192,82,188,196,135,57,13,55,112,168,1364,-350
John Collins,ATL,1828.401667,465,831,55,158,203,266,219,376,121,120,22,39,65,199,230,1188,-76
Zach Collins,POR,1355.736667,189,400,40,121,94,126,109,215,71,77,25,66,29,174,126,512,-11
Darren Collison,IND,2143.178333,308,659,79,194,158,190,36,196,459,125,110,9,33,138,156,853,118
Mike Conley,MEM,2341.8,490,1120,155,426,343,406,40,199,449,130,94,22,44,123,369,1478,23
Pat Connaughton,MIL,1261.173333,163,350,66,200,29,40,61,197,122,33,33,25,19,81,37,421,118
Quinn Cook,GSW,1058.901667,204,439,81,200,20,26,22,135,116,50,20,3,19,92,28,509,-133
Allen Crabbe,BKN,1133.088333,137,373,98,259,41,56,16,132,46,46,23,13,10,102,39,413,4
Torrey Craig,DEN,1503.015,160,362,61,188,49,70,89,174,72,44,37,46,15,175,61,430,72
Jamal Crawford,PHX,1210.911667,174,438,67,202,93,110,8,77,229,99,33,12,8,75,91,508,-377
Jae Crowder,UTA,2165.731667,318,797,173,522,142,197,60,324,133,85,64,31,27,170,170,951,227
Dante Cunningham,SAS,928.46,75,158,30,65,14,18,48,140,50,22,27,13,8,71,17,194,-172
Seth Curry,POR,1399.391667,212,465,113,251,44,52,27,93,66,61,36,12,15,97,78,581,132
Stephen Curry,GSW,2331.166667,632,1340,354,810,263,287,45,324,361,192,92,25,36,166,249,1881,689
Troy Daniels,PHX,759.73,113,275,74,194,18,23,13,60,26,27,26,5,6,79,31,318,-113
Anthony Davis,NOP,1849.8833329999998,530,1026,48,145,344,433,174,498,218,112,88,135,40,132,368,1452,133
Ed Davis,BKN,1446.011667,186,302,0,2,100,162,216,478,61,64,35,33,24,226,144,472,94
DeMar DeRozan,SAS,2688.156667,631,1313,7,45,366,441,54,408,475,199,86,36,98,177,380,1635,10
Dewayne Dedmon,ATL,1609.206667,259,526,83,217,92,113,105,375,90,84,69,71,25,214,100,693,-173
Cheick Diallo,NOP,895.645,168,271,1,4,50,67,75,257,33,49,29,33,20,113,62,387,-88
Hamidou Diallo,OKC,526.28,75,165,4,24,36,59,38,59,17,23,21,10,13,77,51,190,-76
Gorgui Dieng,MIN,1031.221667,189,377,19,56,88,106,81,230,72,57,48,41,21,134,104,485,-117
Spencer Dinwiddie,BKN,1914.0033329999999,366,828,124,370,287,356,26,140,311,152,40,17,36,187,284,1143,-84
Luka Doncic,DAL,2317.74,506,1186,168,514,346,485,86,477,429,247,77,25,52,137,404,1526,-118
Damyean Dotson,NYK,2003.805,290,698,126,342,73,98,34,228,135,71,58,10,16,135,86,779,-327
Andre Drummond,DET,2646.89,561,1052,5,38,243,412,423,809,112,175,136,138,90,272,325,1370,176
Jared Dudley,BKN,1219.648333,101,239,53,151,32,46,34,121,83,43,36,16,11,131,72,287,35
Kris Dunn,CHI,1389.353333,215,506,34,96,55,69,19,168,277,104,68,21,29,166,81,519,-223
Kevin Durant,GSW,2701.531667,721,1383,137,388,448,506,33,464,457,225,58,84,38,155,381,2027,657
Joel Embiid,PHI,2154.305,580,1199,79,263,522,649,160,711,234,226,46,122,76,211,493,1761,373
Tyreke Evans,IND,1401.983333,257,660,77,216,115,160,33,168,166,118,58,18,53,117,130,706,64
Dante Exum,UTA,664.0483333,101,241,18,62,68,86,16,52,110,52,14,5,19,69,75,288,48
Derrick Favors,UTA,1766.4716670000003,363,619,17,78,154,228,207,353,89,84,56,106,41,163,176,897,186
Cristiano Felicio,CHI,746.3966667000001,95,179,0,4,50,73,79,139,37,33,11,7,24,69,67,240,-130
Terrance Ferguson,OKC,1931.078333,185,431,106,290,37,51,33,108,72,47,40,16,13,231,60,513,141
Yogi Ferrell,SAC,1066.648333,153,352,54,149,60,67,13,96,137,40,36,4,20,64,89,420,-55
Dorian Finney-Smith,DAL,1985.2833329999999,228,528,79,254,73,103,138,251,95,74,69,36,32,186,92,608,-88
Bryn Forbes,SAS,2292.6,361,791,176,413,69,78,18,221,175,80,45,4,36,159,80,967,-8
Evan Fournier,ORL,2553.281667,468,1069,153,450,137,170,38,220,295,154,71,12,47,225,168,1226,95
De'Aaron Fox,SAC,2545.843333,505,1102,86,232,303,417,43,261,590,227,133,45,80,204,375,1399,68
Tim Frazier,NOP,908.95,88,195,27,77,32,41,32,105,206,60,25,4,12,93,60,235,-27
Danilo Gallinari,LAC,2059.211667,409,884,161,372,367,406,54,363,178,99,49,23,41,129,334,1346,105
Langston Galloway,DET,1745.171667,228,587,135,380,81,96,49,122,85,24,37,8,26,135,79,672,37
Marc Gasol,MEM,1788.43,303,683,76,221,152,201,56,399,248,119,60,63,27,147,218,834,-49
Rudy Gay,SAS,1842.2933329999998,376,746,74,184,120,147,63,407,182,114,54,34,35,159,135,946,161
Paul George,OKC,2841.3066670000003,707,1614,292,757,453,540,105,523,318,205,170,34,77,214,420,2159,496
Taj Gibson,MIN,1686.35,304,537,11,34,134,177,172,286,84,73,53,39,54,186,156,753,-81
Harry Giles III,SAC,819.99,175,348,0,6,58,91,66,156,85,73,31,22,12,150,99,408,-106
Shai Gilgeous-Alexander,LAC,2173.906667,341,716,51,139,156,195,57,175,270,141,96,45,67,175,180,889,-110
Rudy Gobert,UTA,2576.6866670000004,476,712,0,0,332,522,309,732,161,130,66,187,56,231,468,1284,384
Aaron Gordon,ORL,2632.533333,470,1046,121,347,185,253,129,445,289,162,57,56,52,172,262,1246,107
Eric Gordon,HOU,2158.01,384,938,216,600,119,152,17,131,129,90,41,27,67,143,126,1103,348
Marcin Gortat,LAC,750.4816667,99,186,0,0,35,48,67,194,65,50,6,24,16,92,65,233,-98
Devonte' Graham,CHA,676.095,74,216,34,121,35,46,10,53,121,30,23,2,12,48,50,217,-100
Jerami Grant,OKC,2612.26,409,823,115,293,157,221,96,321,79,67,61,100,63,214,212,1090,300
Jerian Grant,ORL,938.7733332999999,92,220,40,110,26,40,19,79,156,51,44,6,8,78,62,250,-148
Danny Green,TOR,2215.465,293,630,198,435,37,44,60,257,126,75,73,53,17,171,66,821,638
Draymond Green,GSW,2064.6933329999997,188,422,47,165,63,91,60,421,454,169,95,70,17,197,125,486,462
Gerald Green,HOU,1472.981667,231,578,156,441,57,68,30,152,40,55,33,27,13,126,49,675,131
Jeff Green,WAS,2096.6883329999996,326,687,111,320,183,206,57,252,137,101,43,39,25,160,173,946,-94
Blake Griffin,DET,2622.333333,619,1341,189,522,414,550,100,465,402,253,52,28,72,199,573,1841,37
Tim Hardaway Jr.,NYK,1499.125,282,726,117,337,199,233,26,135,122,81,42,6,46,106,191,880,-329
James Harden,HOU,2866.725,843,1909,378,1028,754,858,66,452,586,387,158,58,112,244,564,2818,357
Maurice Harkless,POR,1415.13,189,388,33,120,49,73,77,192,74,45,67,53,21,163,58,460,237
Montrezl Harrell,LAC,2158.1483329999996,546,888,3,17,266,414,184,351,162,132,71,110,72,255,361,1361,59
Devin Harris,DAL,1070.59,132,347,62,200,102,134,12,100,122,56,35,16,19,133,126,428,-94
Gary Harris,DEN,1639.2433330000001,270,637,82,242,115,144,41,119,127,68,55,19,42,113,122,737,226
Joe Harris,BKN,2293.521667,374,748,183,386,110,133,52,239,181,121,38,17,67,182,121,1041,-78
Tobias Harris,LAC,1903.6466670000002,424,855,112,258,192,219,37,395,150,109,40,24,42,123,154,1152,15
Shaquille Harrison,CHI,1429.97,184,426,24,89,82,123,33,189,139,60,89,30,41,124,116,474,-316
Josh Hart,LAL,1714.815,189,464,92,274,55,80,35,213,93,58,64,40,31,147,87,525,0
Gordon Hayward,BOS,1863.338333,296,635,77,231,156,187,51,271,244,105,62,23,27,104,182,825,213
Juancho Hernangomez,DEN,1358.156667,138,314,66,181,66,86,64,201,55,37,27,24,15,94,74,408,36
Willy Hernangomez,CHA,811.8533332999999,153,295,15,39,100,144,117,194,60,58,16,20,31,98,110,421,-94
Mario Hezonja,NYK,1206.27,191,464,42,152,87,114,28,211,88,88,57,8,29,110,102,511,-262
Buddy Hield,SAC,2614.8583329999997,623,1360,278,651,171,193,106,306,205,146,58,33,54,202,144,1695,0
Nene,HOU,545.7833333,60,116,0,3,31,47,34,89,26,11,18,15,9,87,52,151,101
George Hill,MIL,958.15,115,269,35,125,53,65,27,94,99,31,40,7,12,67,68,318,189
Solomon Hill,NOP,878.525,68,178,32,101,23,32,34,99,55,31,23,10,9,80,37,191,-127
Aaron Holiday,IND,645.83,105,262,43,127,41,50,5,62,87,40,21,13,12,71,58,294,102
Jrue Holiday,NOP,2401.928333,547,1159,118,363,208,271,75,259,518,210,109,54,65,148,241,1420,231
Justin Holiday,MEM,1281.981667,149,383,65,195,54,60,27,127,61,57,54,15,16,85,53,417,-137
Rondae Hollis-Jefferson,BKN,1233.963333,200,487,9,49,118,183,83,227,96,68,44,27,46,107,161,527,-10
Richaun Holmes,PHX,1183.688333,222,365,0,0,128,175,115,216,60,52,42,79,29,194,151,572,-172
Rodney Hood,CLE,1233.913333,194,454,55,152,104,114,18,94,92,36,38,5,11,101,80,547,-302
Al Horford,BOS,1972.6833329999997,387,723,73,203,78,95,120,338,283,102,59,86,29,126,121,925,258
Kevin Huerter,ATL,2048.53,275,657,136,353,41,56,60,185,214,109,65,25,29,155,59,727,-119
Chandler Hutchison,CHI,894.615,96,209,14,50,23,38,31,154,34,25,23,6,11,59,46,229,-115
Serge Ibaka,TOR,2010.358333,464,877,49,169,135,177,156,445,99,113,29,103,30,211,154,1112,257
Andre Iguodala,GSW,1577.88,151,302,48,144,39,67,48,204,216,52,61,51,4,95,82,389,315
Ersan Ilyasova,MIL,1231.313333,167,381,58,160,61,74,94,208,52,48,32,20,20,172,114,453,239
Joe Ingles,UTA,2567.566667,359,802,189,483,87,123,35,295,469,193,98,20,31,180,172,994,428
Brandon Ingram,LAL,1760.493333,362,729,31,94,195,289,41,226,154,129,28,31,50,149,266,950,-59
Kyrie Irving,BOS,2213.8466670000003,604,1241,174,434,214,245,71,264,464,172,103,34,45,167,243,1596,332
Jonathan Isaac,ORL,1996.1833329999997,262,611,86,266,110,135,99,312,80,75,59,98,28,143,132,720,8
Wes Iwundu,ORL,1233.2,113,274,29,79,84,103,37,147,73,44,28,22,25,123,76,339,34
Frank Jackson,NOP,1168.863333,194,447,53,169,54,73,25,109,69,48,25,2,23,92,65,495,-135
Josh Jackson,PHX,1988.1266670000002,347,841,73,225,143,213,66,281,183,173,74,56,71,209,178,910,-430
Justin Jackson,SAC,1082.6183330000001,125,295,55,159,41,50,25,121,68,22,23,13,1,67,52,346,-64
Reggie Jackson,DET,2288.868333,441,1047,174,471,204,236,45,171,344,148,55,9,40,208,189,1260,44
Jaren Jackson Jr.,MEM,1514.688333,298,589,51,142,151,197,73,199,64,98,52,82,41,220,205,798,-103
LeBron James,LAL,1937.401667,558,1095,111,327,278,418,57,408,454,197,72,33,52,94,320,1505,116
Jonas Jerebko,GSW,1217.963333,163,355,69,188,64,80,72,216,96,43,27,18,13,137,75,459,56
Amir Johnson,PHI,529.1716667,79,157,12,40,31,41,47,100,60,45,16,13,6,99,45,201,-70
James Johnson,MIA,1163.838333,164,379,50,149,50,70,22,154,135,74,35,27,15,114,59,428,-105
Stanley Johnson,DET,960.595,133,349,51,181,41,51,25,150,60,55,48,13,27,92,48,358,-121
Tyler Johnson,MIA,1123.323333,171,401,72,204,61,88,19,102,112,63,40,21,20,72,81,475,-60
Nikola Jokic,DEN,2503.586667,616,1206,83,270,289,352,228,637,580,248,108,55,67,228,418,1604,315
Tyus Jones,MIN,1560.423333,185,446,40,126,58,69,23,111,327,47,81,5,21,78,76,468,-2
Derrick Jones Jr.,MIA,1153.536667,160,324,28,91,74,122,96,144,37,43,46,42,26,123,101,422,-22
DeAndre Jordan,DAL,1554.056667,208,323,0,0,135,198,161,525,99,111,33,53,22,125,189,551,-16
Cory Joseph,IND,2063.481667,226,548,55,171,30,43,39,240,321,80,94,22,22,131,92,537,211
Frank Kaminsky,CHA,754.69,138,298,50,139,79,107,39,124,63,41,12,12,12,68,80,405,42
Enes Kanter,NYK,1127.66,251,468,7,22,105,129,171,290,84,79,18,17,38,106,134,614,-216
Luke Kennard,DET,1436.63,228,520,106,269,51,61,12,171,114,57,26,10,17,92,60,613,52
Michael Kidd-Gilchrist,CHA,1179.163333,158,332,16,47,95,123,88,158,61,43,32,39,38,156,108,427,-49
Maxi Kleber,DAL,1502.161667,175,386,77,218,58,74,90,239,70,54,36,78,18,143,74,485,64
Kevin Knox II,NYK,2157.893333,338,914,125,364,162,226,61,274,82,114,43,24,60,175,174,963,-638
Furkan Korkmaz,PHI,679.2316667,98,245,47,144,36,44,16,91,52,25,29,2,9,62,42,279,61
Luke Kornet,NYK,784.0033333,107,283,70,193,38,46,28,107,54,25,27,42,6,41,51,322,-57
Kyle Korver,UTA,1082.625,166,407,113,294,47,57,9,124,64,42,22,10,16,84,48,492,170
Kosta Koufos,SAC,501.56166669999993,73,153,0,0,10,24,52,125,36,27,15,18,8,68,27,156,-32
Rodions Kurucs,BKN,1293.75,202,449,58,184,72,92,56,190,52,77,41,25,42,146,70,534,-2
Kyle Kuzma,LAL,2313.5816670000004,496,1087,128,422,188,250,60,322,178,133,41,26,68,170,197,1308,-58
Zach LaVine,CHI,2170.855,530,1135,120,321,312,375,40,254,283,215,60,26,99,140,260,1492,-301
Jeremy Lamb,CHA,2250.09,431,979,115,330,231,260,65,369,172,80,88,32,45,140,210,1208,49
Jake Layman,POR,1326.936667,216,424,59,181,50,71,56,161,53,46,31,30,17,116,83,541,71
TJ Leaf,IND,521.5666666999999,99,183,8,31,19,31,43,82,24,12,9,19,9,35,25,225,44
Alex Len,ATL,1544.075,320,648,74,204,140,216,158,266,86,97,27,69,45,200,157,854,-163
Kawhi Leonard,TOR,2040.1833329999997,560,1129,112,302,364,426,78,361,199,121,106,24,49,87,357,1596,356
Meyers Leonard,POR,877.6783332999998,132,242,50,111,43,51,49,184,75,43,13,9,6,105,54,357,-77
Damian Lillard,POR,2837.756667,681,1533,237,643,468,513,68,303,551,212,88,34,90,148,394,2067,494
Jeremy Lin,ATL,1002.865,180,386,44,132,142,168,16,103,181,98,38,7,24,96,187,546,-111
Shaun Livingston,GSW,966.8916667000001,109,210,0,2,40,51,42,75,114,38,31,27,11,74,44,258,46
Kevon Looney,GSW,1481.323333,217,347,1,10,65,105,194,223,123,51,46,53,30,211,96,500,306
Brook Lopez,MIL,2321.595,355,786,187,512,112,133,33,363,98,82,51,179,15,189,127,1009,584
Robin Lopez,CHI,1605.681667,304,535,7,31,89,123,140,146,89,96,11,78,19,124,147,704,-142
Kyle Lowry,TOR,2213.2933329999996,304,739,157,453,161,194,41,271,564,182,91,31,30,166,247,926,536
Trey Lyles,DEN,1119.695,207,495,51,200,81,116,44,202,87,68,30,23,24,93,97,546,4
Shelvin Mack,MEM,1204.31,161,389,46,128,53,75,18,84,182,62,45,4,36,81,60,421,-204
Lauri Markkanen,CHI,1682.1283329999999,342,795,120,332,170,195,74,396,75,85,37,33,38,122,164,974,-197
Jarell Martin,ORL,327.88,43,104,20,57,9,11,11,62,18,11,3,8,6,51,17,115,31
Wesley Matthews,DAL,1311.741667,194,469,100,263,87,110,20,82,100,58,33,12,23,102,102,575,-40
CJ McCollum,POR,2375.256667,571,1243,167,445,159,192,62,220,207,106,55,28,64,172,166,1468,349
T.J. McConnell,PHI,1470.285,220,419,14,42,29,37,28,146,258,91,79,17,19,105,44,483,-9
Doug McDermott,IND,1339.665,207,422,84,206,66,79,17,92,67,42,18,8,24,104,51,564,132
JaVale McGee,LAL,1670.693333,400,641,1,12,96,152,195,371,52,108,47,148,21,208,158,897,-158
Rodney McGruder,MIA,1549.715,186,461,79,225,52,72,60,178,112,64,36,12,29,115,67,503,-38
Alfonzo McKinnie,GSW,1003.358333,134,275,42,118,27,48,81,166,31,30,18,15,20,134,48,337,11
De'Anthony Melton,PHX,983.89,100,256,29,95,21,28,25,109,159,75,68,23,11,113,49,250,-168
Khris Middleton,MIL,2393.3383329999997,506,1148,179,474,216,258,50,411,331,174,80,7,61,172,188,1407,552
Darius Miller,NOP,1757.505,189,484,133,364,56,71,14,114,146,59,40,23,15,165,60,567,17
Patty Mills,SAS,1907.7083329999998,282,663,159,404,88,103,24,158,245,93,49,10,12,129,124,811,201
Paul Millsap,DEN,1894.5183329999998,322,665,58,159,181,249,153,352,141,95,83,54,51,183,223,883,342
Donovan Mitchell,UTA,2598.271667,661,1530,188,519,319,396,59,257,322,218,106,31,96,208,295,1829,371
Malik Monk,CHA,1258.095,227,586,109,330,90,102,16,121,117,86,37,19,32,106,88,653,-44
E'Twaun Moore,NOP,1463.013333,256,532,76,176,45,59,35,92,102,59,40,8,27,112,51,633,9
Monte Morris,DEN,1970.2083329999998,346,702,94,227,65,81,35,159,297,52,73,4,39,102,101,851,179
Marcus Morris Sr.,BOS,2090.506667,377,844,146,389,146,173,76,382,109,92,43,25,36,181,165,1046,74
Emmanuel Mudiay,NYK,1607.061667,330,740,69,210,144,186,33,163,228,140,43,19,56,103,140,873,-357
Jamal Murray,DEN,2447.3116670000004,513,1173,152,414,189,223,65,252,363,158,67,27,51,153,204,1367,245
Mike Muscala,PHI,1041.168333,109,278,68,199,63,77,51,149,62,43,18,27,9,112,59,349,62
Abdel Nader,OKC,693.6566667000001,91,215,32,100,27,36,14,102,20,26,20,12,8,68,35,241,-154
Larry Nance Jr.,CLE,1795.4433329999997,249,479,33,98,96,134,168,384,214,97,100,40,24,192,159,627,-324
Shabazz Napier,BKN,982.8366667000001,169,435,76,228,115,138,18,82,143,66,41,16,27,67,112,529,14
Georges Niang,UTA,516.3483333,86,181,43,105,20,24,11,76,35,23,10,6,11,57,19,235,-93
Joakim Noah,MEM,692.485,110,213,0,1,78,109,58,180,89,50,20,31,24,96,83,298,4
Nerlens Noel,OKC,1055.616667,162,276,0,0,54,79,127,198,45,48,66,96,10,166,101,378,-75
Dirk Nowitzki,DAL,795.14,135,376,64,205,39,50,5,153,35,18,9,18,2,76,40,373,-65
Frank Ntilikina,NYK,903.6033332999999,95,282,33,115,23,30,12,75,121,56,30,14,10,104,39,246,-185
Jusuf Nurkic,POR,1973.5533329999998,420,826,3,29,282,365,243,505,233,168,71,103,66,250,307,1125,428
David Nwaba,CLE,984.23,126,262,24,75,58,85,41,122,54,29,36,17,28,106,69,334,-77
Royce O'Neale,UTA,1671.105,163,343,68,176,32,42,22,263,124,70,54,24,19,172,51,426,172
Kyle O'Quinn,IND,370.71666669999996,69,136,1,12,17,21,29,90,56,31,9,25,6,68,21,156,5
Semi Ojeleye,BOS,594.4383333,67,158,28,89,24,39,24,62,23,19,10,4,10,43,31,186,70
Jahlil Okafor,NOP,934.8483332999999,212,362,1,5,59,89,82,196,40,52,15,40,30,96,97,484,-118
Elie Okobo,PHX,958.19,114,290,39,132,37,47,12,86,127,69,32,7,13,109,44,304,-212
Josh Okogie,MIN,1757.17,196,508,60,215,118,162,41,177,91,63,88,33,33,166,166,570,-51
Kelly Olynyk,MIA,1812.2533329999999,261,564,113,319,152,185,72,303,140,114,53,37,23,183,200,787,106
Cedi Osman,CLE,2443.9116670000003,360,844,130,374,141,181,45,312,195,114,60,11,49,195,170,991,-641
Zaza Pachulia,DET,878.165,85,193,0,4,97,124,99,166,91,57,31,17,17,151,138,267,-97
Tony Parker,CHA,1002.801667,213,463,13,51,91,124,14,69,207,75,21,7,40,53,93,530,19
Patrick Patterson,OKC,860.6716667000002,82,219,46,137,19,30,42,105,31,22,16,13,6,46,34,229,-110
Chris Paul,HOU,1856.775,302,720,127,355,175,203,36,229,473,152,114,18,15,146,184,906,300
Elfrid Payton,NOP,1249.773333,179,412,33,105,55,74,49,171,320,112,44,17,46,81,77,446,-69
Mason Plumlee,DEN,1730.92,262,442,2,10,111,198,165,359,243,126,66,76,34,252,201,637,72
Jakob Poeltl,SAS,1272.655,187,290,0,0,49,92,178,232,93,48,29,68,19,124,89,423,88
Quincy Pondexter,SAS,291.8783333,29,58,6,18,34,42,8,38,24,13,11,1,6,24,28,98,-14
Dwight Powell,DAL,1662.535,290,486,39,127,196,254,140,271,112,67,44,50,27,201,256,815,15
Norman Powell,TOR,1126.465,193,400,68,170,62,75,16,123,91,65,39,13,21,96,71,516,15
Taurean Prince,ATL,1552.291667,262,594,123,315,95,116,22,177,118,100,53,19,15,141,114,742,-243
Ivan Rabb,MEM,720.6816667,116,212,3,15,49,69,70,136,54,35,17,14,7,90,85,284,-94
Chasson Randle,WAS,742.91,91,217,46,115,43,62,10,46,97,43,25,3,16,91,56,271,-110
Julius Randle,NOP,2231.635,571,1089,67,195,356,487,162,472,229,208,52,45,91,246,368,1565,-12
JJ Redick,PHI,2379.1166670000002,452,1027,240,605,228,255,20,166,206,101,32,17,20,129,189,1372,307
Josh Richardson,MIA,2539.43,423,1026,164,460,199,231,54,209,298,113,79,34,63,200,252,1209,68
Austin Rivers,HOU,1344.891667,156,378,71,221,25,49,15,76,109,32,29,13,14,135,62,408,130
Mitchell Robinson,NYK,1359.508333,202,291,0,0,81,135,177,246,37,35,52,161,23,217,114,485,-202
Glenn Robinson III,DET,610.1116667,74,176,18,62,32,40,17,54,21,18,14,8,14,45,34,198,-11
Rajon Rondo,LAL,1368.565,175,432,51,142,23,36,34,209,367,127,57,7,34,100,55,424,-245
Derrick Rose,MIN,1392.161667,363,753,54,146,137,160,33,107,220,82,31,12,52,57,121,917,36
Terrence Ross,ORL,2150.053333,440,1027,217,566,126,144,27,253,135,90,72,29,24,119,98,1223,5
Terry Rozier,BOS,1791.385,258,666,119,337,73,93,32,275,231,68,68,21,26,101,108,708,-39
Ricky Rubio,UTA,1898.95,295,730,79,254,195,228,33,210,416,180,91,10,29,180,193,864,250
D'Angelo Russell,BKN,2447.955,659,1517,234,635,160,205,53,262,563,253,100,20,44,141,188,1712,22
Domantas Sabonis,IND,1838.4466670000002,413,700,9,17,208,291,186,504,212,160,48,30,33,239,287,1043,195
Dario Saric,MIN,1626.561667,256,564,97,253,105,120,105,266,101,72,41,6,29,143,125,714,-41
Tomas Satoransky,WAS,2163.566667,257,530,64,162,131,160,82,197,399,120,82,13,24,172,154,709,-54
Dennis Schroder,OKC,2313.751667,457,1104,124,364,186,227,38,246,323,172,65,12,78,189,219,1224,167
Mike Scott,LAC,748.3,92,230,52,133,12,18,24,150,44,27,17,8,13,88,17,248,33
Thabo Sefolosha,UTA,608.6566667000001,71,149,34,78,14,22,8,115,27,25,43,5,4,41,17,190,123
Wayne Selden,CHI,983.81,131,322,35,111,45,63,21,115,73,56,23,7,23,83,51,342,-231
Collin Sexton,CLE,2605.0233329999996,519,1206,119,296,214,255,57,179,243,185,44,6,101,186,257,1371,-672
Landry Shamet,PHI,1108.068333,153,347,99,245,44,54,14,64,59,26,24,8,4,106,53,449,-31
Iman Shumpert,SAC,1098.608333,133,348,74,202,34,41,19,110,91,38,47,20,9,92,70,374,-43
Pascal Siakam,TOR,2547.63,519,945,79,214,237,302,124,425,248,154,73,52,42,241,239,1354,593
Ben Simmons,PHI,2700.263333,540,960,0,6,257,428,172,525,610,274,112,61,57,209,373,1337,116
Marcus Smart,BOS,2199.783333,239,567,126,346,104,129,57,177,321,123,143,28,13,201,153,708,163
Ish Smith,DET,1250.99,205,489,44,135,47,62,23,122,203,61,28,11,21,109,68,501,83
Tony Snell,MIL,1303.915,163,361,81,204,37,42,29,128,68,23,26,18,9,90,32,444,172
Omari Spellman,ATL,804.5416667000001,98,244,44,128,32,45,72,122,47,31,26,25,14,67,38,272,-202
Nik Stauskas,POR,672.855,96,229,43,125,32,36,10,70,62,40,14,4,11,31,34,267,-164
Lance Stephenson,LAL,1122.768333,184,432,73,197,50,73,32,183,140,86,41,7,18,111,67,491,-110
Jayson Tatum,BOS,2454.696667,466,1036,116,311,195,228,70,407,168,122,84,57,49,168,204,1243,360
Jeff Teague,MIN,1264.035,176,416,35,105,123,153,16,90,343,97,43,18,31,90,121,510,0
Garrett Temple,MEM,1530.261667,166,387,74,210,57,76,18,134,69,54,50,25,17,134,81,463,-99
Daniel Theis,BOS,907.58,146,266,26,67,56,76,87,138,68,33,21,42,15,161,72,374,131
Lance Thomas,NYK,783.36,78,197,22,79,27,36,21,96,27,24,17,7,9,83,42,205,-189
Klay Thompson,GSW,2652.333333,655,1402,241,599,129,158,37,262,186,115,84,47,40,157,168,1680,349
Tristan Thompson,CLE,1197.688333,201,380,0,0,68,106,173,265,86,59,28,16,36,89,122,470,-302
Sindarius Thornwell,LAC,313.4516667,17,49,3,15,25,34,5,39,18,20,14,7,2,41,19,62,-38
Anthony Tolliver,MIN,1079.341667,99,259,81,215,47,60,15,162,46,36,17,21,7,91,54,326,-66
Karl-Anthony Towns,MIN,2544.66,681,1314,142,355,376,450,263,691,259,240,67,125,77,292,446,1880,56
Allonzo Trier,NYK,1458.563333,232,518,52,132,179,223,31,166,119,116,28,14,62,117,182,695,-205
P.J. Tucker,HOU,2802.126667,207,523,146,387,41,59,121,358,96,63,132,39,16,252,111,601,242
Evan Turner,POR,1605.713333,204,443,11,52,75,106,37,291,283,114,33,18,27,110,106,494,30
Myles Turner,IND,2118.816667,380,780,76,196,148,201,101,430,115,100,60,199,33,195,205,984,121
Ekpe Udoh,UTA,320.0116667,50,72,0,0,19,30,27,63,28,13,10,31,4,36,26,119,-51
Fred VanVleet,TOR,1760.2533329999999,246,600,112,296,97,115,21,146,307,82,57,20,39,110,116,701,298
Noah Vonleh,NYK,1721.695,207,440,46,137,111,156,113,415,129,88,46,51,31,174,155,571,-293
Nikola Vucevic,ORL,2510.176667,701,1354,84,231,179,227,224,736,307,159,81,89,60,157,216,1665,218
Dwyane Wade,MIA,1885.2266670000001,416,960,86,261,165,233,69,216,301,166,59,38,34,118,158,1083,-68
Moritz Wagner,LAL,446.18,71,171,22,77,43,53,17,68,24,39,11,13,17,57,38,207,-97
Dion Waiters,MIA,1137.903333,198,478,109,289,22,44,7,109,121,64,29,9,22,72,46,527,-38
Kemba Walker,CHA,2862.605,731,1684,260,731,380,450,52,309,484,211,102,34,126,131,422,2102,36
Tyrone Wallace,LAC,627.7183332999999,92,217,4,19,30,57,20,81,42,36,21,7,32,83,48,218,56
T.J. Warren,PHX,1359.998333,297,611,77,180,101,124,31,143,64,52,51,29,32,119,93,772,-225
Russell Westbrook,OKC,2629.433333,630,1473,119,411,296,451,109,698,784,325,142,33,68,245,343,1675,294
Derrick White,SAS,1727.973333,260,543,48,142,95,123,35,212,263,97,67,47,33,145,138,663,152
Hassan Whiteside,MIA,1674.226667,388,680,2,16,109,243,257,560,56,97,46,136,50,192,226,887,19
Andrew Wiggins,MIN,2542.7133329999997,498,1209,118,348,207,296,83,269,184,138,70,48,88,153,228,1321,-66
Kenrich Williams,NOP,1079.22,107,279,52,156,13,19,55,164,83,36,45,19,17,95,46,279,-87
Lou Williams,LAC,1992.588333,484,1138,105,291,425,485,40,182,402,181,57,11,73,80,351,1498,196
Marvin Williams,CHA,2133.263333,275,652,140,382,66,86,76,331,92,47,71,61,21,156,89,756,-6
D.J. Wilson,MIL,882.0383332999999,104,251,46,127,26,47,45,177,52,32,18,20,11,85,42,280,81
Justise Winslow,MIA,1959.505,324,749,96,256,86,137,63,292,282,142,72,19,43,177,128,830,119
Delon Wright,TOR,896.5983332999999,127,293,30,90,53,61,39,86,110,37,46,15,19,53,63,337,-41
Thaddeus Young,IND,2488.8383329999997,443,841,51,146,87,135,192,331,204,123,123,36,51,194,177,1024,134
Trae Young,ATL,2503.281667,525,1256,156,482,343,414,64,237,653,308,72,15,98,140,431,1549,-335
Cody Zeller,CHA,1242.963333,190,345,6,22,111,141,110,223,102,62,38,41,42,164,152,497,42
Ante Zizic,CLE,1081.968333,183,331,0,0,93,132,108,212,53,61,13,22,35,113,121,459,-80
